,TotalSteps,TotalDistance,VeryActiveDistance,ModeratelyActiveDistance,LightActiveDistance,SedentaryActiveDistance,VeryActiveMinutes,FairlyActiveMinutes,LightlyActiveMinutes,SedentaryMinutes,Calories
0,11004,7.110000134,2.569999933,0.460000008,4.070000172,0.0,33,12,205,804,1819
1,17609,11.55000019,6.920000076,0.730000019,3.910000086,0.0,89,17,274,588,2154
2,12736,8.529999733,4.659999847,0.159999996,3.710000038,0.0,56,5,268,605,1944
3,13231,8.930000305,3.190000057,0.790000021,4.949999809,0.0,39,20,224,1080,1932
4,12041,7.849999905,2.160000086,1.090000033,4.610000134,0.0,28,28,243,763,1886
5,10970,7.159999847,2.359999895,0.50999999,4.289999962,0.0,30,13,223,1174,1820
6,12256,7.860000134,2.289999962,0.49000001,5.039999962,0.0,33,12,239,820,1889
7,12262,7.869999886,3.319999933,0.829999983,3.640000105,0.0,47,21,200,866,1868
8,11248,7.25,3.0,0.449999988,3.74000001,0.0,40,11,244,636,1843
9,10016,6.369999886,0.910000026,1.279999971,4.179999828,0.0,15,30,314,655,1850
10,14557,9.800000191,3.390000105,0.699999988,5.690000057,0.0,43,18,285,757,2030
11,14844,9.729999542,2.940000057,0.75999999,6.039999962,0.0,36,18,341,736,2083
12,11974,7.670000076,2.039999962,0.479999989,5.150000095,0.0,27,12,228,1173,1861
13,10198,6.440000057,1.200000048,0.790000021,4.449999809,0.0,17,20,195,1208,1755
14,12521,7.940000057,3.309999943,0.899999976,3.74000001,0.0,46,22,212,1160,1895
15,12432,8.100000381,2.589999914,0.589999974,4.920000076,0.0,32,15,248,738,1883
16,10057,6.980000019,4.0,0.49000001,2.480000019,0.0,44,13,168,737,1755
17,10990,7.260000229,2.039999962,0.569999993,4.650000095,0.0,26,14,216,855,1811
25,4506,2.930000067,0.50999999,0.270000011,2.150000095,0.01,7,4,144,1285,1498
35,3910,2.539999962,0.469999999,0.25,1.809999943,0.01,7,7,186,1240,1555
39,20237,14.71000004,2.569999933,6.400000095,5.730000019,0.01,34,141,347,918,4029
40,12912,9.409999847,4.829999924,0.769999981,3.789999962,0.029999999,59,16,283,1082,3436
41,2819,2.049999952,0.310000002,0.170000002,1.559999943,0.01,4,4,87,1345,2444
42,9921,7.210000038,0.340000004,1.519999981,5.360000134,0.0,5,35,219,1181,3098
43,8046,5.849999905,1.289999962,2.119999886,2.450000048,0.0,18,41,137,1244,2925
44,11166,8.119999886,0.209999993,2.410000086,5.5,0.0,3,58,230,1149,3202
45,7842,5.699999809,0.479999989,2.410000086,2.809999943,0.0,7,43,161,1229,2928
46,13840,10.06000042,1.309999943,3.720000029,5.03000021,0.0,18,81,192,1149,3290
48,6847,4.53000021,0.610000014,0.370000005,3.549999952,0.0,9,9,251,1171,1969
72,13603,9.600000381,5.460000038,0.629999995,3.50999999,0.0,72,16,213,1139,2645
74,11144,7.820000172,1.789999962,0.889999986,5.139999866,0.0,25,22,279,1114,2395
75,15313,11.0,5.019999981,1.289999962,4.690000057,0.0,62,19,233,1126,2581
76,10805,7.590000153,0.720000029,0.980000019,5.889999866,0.0,36,37,298,1069,2735
77,15392,10.93000031,3.430000067,1.75,5.75,0.0,47,42,258,1093,2733
78,18247,13.82999992,7.110000134,2.210000038,4.510000229,0.0,72,62,252,1054,3021
79,13023,9.260000229,3.230000019,0.560000002,5.46999979,0.0,40,12,296,1092,2577
80,16267,12.59000015,5.75,0.469999999,6.369999886,0.0,44,16,302,1078,2811
81,10005,7.019999981,0.079999998,1.049999952,5.900000095,0.0,1,23,339,1077,2458
82,10106,7.090000153,1.210000038,0.560000002,5.329999924,0.0,41,16,272,1111,2568
83,6717,4.71999979,3.230000019,0.219999999,1.269999981,0.0,41,5,67,551,1140
104,4863,3.279999971,0.059999999,0.419999987,2.799999952,0.0,1,11,208,1220,1772
106,11230,7.670000076,0.889999986,0.119999997,6.659999847,0.0,10,2,390,1038,2206
108,10272,6.789999962,0.159999996,3.119999886,3.5,0.0,2,58,208,700,2041
109,10533,7.099999905,1.769999981,2.059999943,3.269999981,0.0,21,35,255,615,2187
112,15459,10.22000027,3.589999914,0.810000002,5.820000172,0.0,51,16,327,583,2438
114,10254,6.800000191,1.419999957,1.230000019,4.159999847,0.0,21,25,231,638,2099
115,10114,6.820000172,1.639999986,0.479999989,4.679999828,0.0,18,9,269,696,2096
116,11107,7.340000153,0.899999976,2.75999999,3.680000067,0.0,14,46,196,759,2058
117,10320,6.849999905,0.680000007,1.230000019,4.940000057,0.0,15,32,315,1002,2338
118,10209,6.75,0.159999996,0.349999994,6.230000019,0.0,2,6,316,711,2104
119,16081,10.63000011,1.25,1.820000052,7.559999943,0.0,16,32,401,970,2488
120,10078,6.829999924,1.019999981,0.119999997,5.690000057,0.0,12,3,303,463,2164
121,10001,6.610000134,0.330000013,2.930000067,3.359999895,0.0,5,52,196,788,2009
125,7640,5.130000114,0.189999998,0.800000012,4.150000095,0.0,3,15,315,1107,1845
126,9713,6.53000021,0.340000004,0.889999986,5.289999962,0.0,6,24,355,1055,2046
129,9353,6.309999943,0.370000005,0.689999998,5.239999771,0.0,5,17,363,1055,2035
131,14103,9.56000042,3.019999981,0.409999996,6.139999866,0.01,46,8,288,1098,2257
132,5290,3.549999952,0.039999999,0.340000004,3.170000076,0.0,1,8,251,1180,1724
144,7625,5.230000019,1.679999948,0.039999999,3.5,0.01,24,1,341,1074,2069
146,5861,4.019999981,1.299999952,0.219999999,2.49000001,0.01,20,7,233,1180,1878
148,6406,4.389999866,0.779999971,0.090000004,3.519999981,0.01,17,4,325,1094,2010
149,7392,5.099999905,0.870000005,0.159999996,4.050000191,0.02,14,9,332,1085,2038
151,8827,6.25,1.769999981,0.479999989,4.0,0.01,21,10,346,1063,2062
152,4662,3.180000067,1.039999962,0.150000006,1.99000001,0.0,22,4,152,735,1276
155,11508,7.699999809,2.170000076,0.839999974,4.690000057,0.0,29,22,282,748,1630
156,11943,7.989999771,1.029999971,2.00999999,4.949999809,0.0,16,43,297,710,1648
157,12303,8.229999542,1.710000038,1.350000024,5.170000076,0.0,26,32,291,605,1649
158,15425,10.31999969,1.620000005,1.820000052,6.869999886,0.0,24,45,331,614,1783
161,14583,9.760000229,2.480000019,1.74000001,5.53000021,0.0,35,36,254,697,1697
162,3573,2.390000105,0.939999998,0.409999996,0.970000029,0.0,15,8,99,866,1232
163,3108,2.140000105,0.07,0.039999999,1.960000038,0.0,1,1,129,894,1223
169,12483,8.989999771,1.450000048,0.569999993,6.900000095,0.0,25,14,309,599,3830
181,2106,1.50999999,0.02,0.050000001,0.209999993,0.0,31,45,75,1289,4010
184,7428,5.329999924,0.870000005,0.920000017,3.50999999,0.0,18,33,261,860,3439
185,5351,3.839999914,0.620000005,0.180000007,3.00999999,0.0,15,17,210,748,3338
186,4299,3.099999905,0.090000004,0.209999993,2.74000001,0.039999999,3,15,162,752,2892
189,6880,4.929999828,0.5,0.75999999,3.650000095,0.0,7,19,165,1249,2966
192,10480,7.510000229,0.409999996,1.470000029,5.010000229,0.039999999,6,37,272,1125,4034
193,7734,5.550000191,1.159999967,0.49000001,3.819999933,0.059999999,20,12,223,1185,3264
194,5129,3.680000067,0.180000007,0.239999995,3.210000038,0.01,5,7,176,1178,2817
199,8433,6.230000019,2.450000048,0.330000013,3.440000057,0.0,30,7,135,1268,2453
208,7239,5.340000153,0.550000012,0.360000014,4.380000114,0.0,7,7,190,1236,2484
224,8426,6.159999847,0.129999995,5.489999771,0.540000021,0.0,2,120,25,1293,2360
226,3434,2.50999999,0.07,0.300000012,2.140000105,0.0,1,7,108,1324,2101
229,5643,3.789999962,0.230000004,0.330000013,3.230000019,0.0,3,8,199,683,1958
230,9043,6.070000172,0.25,0.430000007,5.369999886,0.0,4,12,244,702,2141
231,8144,5.460000038,0.25,0.610000014,4.610000134,0.0,4,17,247,1125,2129
232,9343,6.269999981,0.959999979,0.850000024,4.460000038,0.0,14,20,268,654,2216
233,8405,5.659999847,1.129999995,0.189999998,4.340000153,0.0,15,4,257,621,2154
234,8223,5.519999981,0.800000012,1.50999999,3.210000038,0.0,12,37,257,551,2178
235,10067,6.760000229,0.360000014,1.419999957,4.96999979,0.0,5,39,313,578,2308
236,8359,5.630000114,0.230000004,0.529999971,4.869999886,0.0,3,14,311,638,2201
237,10946,7.349999905,0.540000021,2.089999914,4.71999979,0.0,8,51,308,569,2341
238,9130,6.150000095,0.5,0.379999995,5.269999981,0.0,7,11,304,668,2236
239,6544,4.409999847,0.289999992,0.25999999,3.859999895,0.0,4,6,276,1132,2069
256,4239,2.839999914,0.059999999,0.239999995,2.529999971,0.0,1,6,235,702,2217
257,6911,4.78000021,2.319999933,0.100000001,2.359999895,0.0,28,2,215,745,2374
258,6667,4.610000134,2.019999981,0.050000001,2.549999952,0.0,24,1,208,939,2335
262,5986,4.130000114,1.950000048,0.230000004,1.950000048,0.0,23,5,195,789,2297
266,6176,4.079999924,0.07,0.25999999,3.75,0.0,1,7,269,886,1901
268,6799,4.489999771,1.590000033,0.860000014,2.039999962,0.0,24,14,185,1217,1876
270,7998,5.289999962,0.50999999,0.25,4.53000021,0.0,27,12,296,1105,2235
276,6506,5.28000021,0.330000013,0.270000011,4.670000076,0.0,4,5,241,760,2886
277,7583,6.150000095,0.25,0.550000012,5.349999905,0.0,3,13,227,742,2915
281,12116,9.829999924,0.25,2.849999905,6.71999979,0.0,3,57,323,471,3357
282,7810,6.360000134,0.479999989,1.200000048,4.679999828,0.0,6,27,216,746,2931
283,6670,5.409999847,1.24000001,0.800000012,3.369999886,0.0,15,16,199,770,2848
284,7605,6.179999828,0.330000013,0.209999993,5.630000114,0.0,4,4,248,708,2943
287,14002,11.35999966,0.610000014,2.680000067,8.06000042,0.0,8,56,381,407,3597
288,11135,9.029999733,0.079999998,1.159999967,7.789999962,0.0,1,25,331,528,3224
291,12409,8.100000381,2.900000095,0.629999995,4.579999924,0.0,51,12,235,782,2142
294,8921,5.880000114,2.069999933,0.439999998,3.359999895,0.0,27,8,198,754,1892
295,11306,7.380000114,2.309999943,0.980000019,4.090000153,0.0,40,26,218,772,2086
296,12252,8.0,2.410000086,1.700000048,3.890000105,0.0,33,28,229,745,2044
297,15444,10.07999992,3.269999981,1.730000019,5.079999924,0.0,51,39,243,731,2249
298,9938,6.489999771,2.140000105,1.279999971,3.079999924,0.0,38,24,193,767,2019
300,5594,3.650000095,0.280000001,1.480000019,1.889999986,0.0,4,25,150,552,1712
301,11906,7.769999981,2.25999999,1.519999981,3.99000001,0.0,32,27,234,688,2065
302,3436,2.24000001,0.5,0.670000017,1.049999952,0.0,7,11,50,61,633
303,10461,7.869999886,4.760000229,0.850000024,2.25,0.0,99,31,142,721,3625
304,14873,11.10999966,8.18999958,0.600000024,2.309999943,0.0,202,36,153,663,4430
305,9917,7.409999847,1.99000001,0.970000029,4.440000057,0.0,58,27,240,700,3427
306,7401,5.559999943,2.319999933,0.360000014,2.880000114,0.0,70,19,204,689,3492
307,8964,6.699999809,3.970000029,0.189999998,2.529999971,0.0,107,18,145,756,3597
308,11080,8.300000191,3.130000114,1.370000005,3.809999943,0.0,83,52,190,695,3765
309,4499,3.359999895,0.889999986,0.25999999,2.210000038,0.0,31,11,146,756,2775
310,4363,3.25999999,0.129999995,0.059999999,3.079999924,0.0,8,2,156,813,2486
311,10494,7.840000153,4.909999847,0.779999971,2.150000095,0.0,123,62,138,601,3817
312,9776,7.380000114,2.930000067,1.429999948,3.019999981,0.0,80,35,162,721,3378
313,2862,2.140000105,1.039999962,0.25,0.839999974,0.0,39,17,54,209,1511
315,19658,14.84000015,0.239999995,2.089999914,12.51000023,0.0,3,30,475,466,2884
317,8468,6.389999866,0.180000007,0.639999986,5.570000172,0.0,2,11,279,1148,2262
325,9548,7.21999979,2.019999981,3.680000067,1.519999981,0.0,25,107,113,1195,3119
343,7225,5.179999828,1.730000019,1.269999981,2.180000067,0.0,25,50,163,1189,3065
345,1577,1.129999995,0.07,0.889999986,0.170000002,0.0,1,17,8,1414,1977
347,9348,6.699999809,1.129999995,2.039999962,3.140000105,0.0,56,133,240,1011,4286
348,11761,8.430000305,1.309999943,2.440000057,4.679999828,0.0,24,99,300,550,3920
349,13987,10.02999973,2.869999886,3.339999914,3.819999933,0.0,46,114,250,739,3856
350,4131,2.960000038,1.370000005,0.610000014,0.980000019,0.0,27,30,75,1308,2584
352,15491,10.23999977,1.289999962,4.489999771,4.460000038,0.0,18,77,272,641,2244
353,14097,9.319999695,3.5,1.919999957,3.900000095,0.0,50,32,234,595,2188
354,10467,6.980000019,0.699999988,2.430000067,3.849999905,0.0,9,45,252,602,2014
355,12437,8.300000191,3.75999999,1.289999962,3.24000001,0.0,50,24,219,732,2115
356,12307,8.140000343,1.00999999,3.25999999,3.869999886,0.0,14,51,218,589,2055
357,18952,12.80000019,5.909999847,1.230000019,5.659999847,0.0,73,20,327,570,2437
358,12010,7.940000057,2.380000114,0.949999988,4.610000134,0.0,38,17,287,692,2158
359,12480,8.859999657,4.179999828,0.689999998,4.0,0.0,55,14,276,593,2170
360,13417,9.649999619,3.390000105,1.25,4.909999847,0.100000001,45,16,284,665,2244
361,14400,10.88000011,2.470000029,2.880000114,5.53000021,0.0,27,37,276,697,2188
362,12495,8.260000229,2.210000038,1.090000033,4.960000038,0.0,33,19,324,609,2231
363,10148,6.710000038,1.360000014,0.219999999,5.130000114,0.0,19,7,306,679,2100
364,12362,9.090000153,1.090000033,2.730000019,5.269999981,0.0,21,38,297,678,2188
365,5893,3.900000095,2.880000114,0.560000002,0.460000008,0.0,43,9,48,146,917
366,11680,9.06000042,4.489999771,0.330000013,4.239999771,0.0,50,7,244,1139,2573
367,10976,7.340000153,0.550000012,0.670000017,6.130000114,0.0,9,16,271,1075,2575
368,16806,11.23999977,6.409999847,1.370000005,3.470000029,0.0,104,31,230,1002,3086
369,15266,11.39999962,5.800000191,0.75999999,4.789999962,0.050000001,70,21,292,1057,2886
370,12084,9.140000343,4.389999866,0.460000008,4.289999962,0.0,50,6,284,1030,2676
371,13513,10.25,5.349999905,0.330000013,4.559999943,0.0,64,8,270,1098,2811
372,14100,10.57999992,5.099999905,1.190000057,4.28000021,0.0,61,33,265,1015,2840
373,12627,9.649999619,4.699999809,0.74000001,4.210000038,0.0,54,22,301,1063,2871
374,10345,6.920000076,0.07,0.270000011,6.579999924,0.0,2,6,358,1074,2613
375,10146,6.789999962,0.07,0.610000014,6.110000134,0.0,1,12,397,1030,2700
376,12168,8.140000343,1.049999952,0.790000021,6.289999962,0.0,18,27,375,1020,2871
377,7413,5.769999981,4.5,0.340000004,0.939999998,0.0,53,6,43,405,1023
378,11463,7.670000076,2.829999924,1.889999986,2.930000067,0.0,38,30,154,777,2496
380,1949,1.309999943,0.230000004,0.349999994,0.730000019,0.0,3,6,27,1404,1794
381,6101,3.869999886,0.529999971,0.230000004,3.099999905,0.0,31,24,138,1247,2421
382,7478,4.989999771,1.799999952,0.529999971,2.609999895,0.029999999,25,33,132,1159,2439
383,7352,4.730000019,1.409999967,0.779999971,2.529999971,0.0,19,14,124,814,2233
384,14604,10.81999969,7.230000019,1.120000005,2.430000067,0.029999999,76,30,127,695,2862
385,9634,6.519999981,2.5,1.399999976,2.589999914,0.0,50,48,140,797,2752
386,7338,4.670000076,1.080000043,0.129999995,3.460000038,0.0,27,5,204,717,2519
388,6242,3.920000076,0.74000001,0.230000004,2.930000067,0.0,46,22,126,741,2543
390,20188,15.61999989,12.06000042,0.850000024,2.710000038,0.0,124,19,172,1125,3377
391,25701,20.13999939,16.81999969,1.629999995,1.690000057,0.0,165,36,97,1142,3697
392,17395,13.21000004,9.670000076,0.180000007,3.349999905,0.0,100,4,213,1123,3209
393,17167,13.40999985,9.960000038,0.310000002,3.140000105,0.0,98,8,184,1150,3167
394,16435,12.42000008,8.960000038,0.550000012,2.910000086,0.0,100,14,191,1135,3122
395,17078,13.19999981,9.970000267,0.239999995,2.99000001,0.0,101,6,190,1143,3176
396,11693,9.539999962,6.769999981,0.25999999,2.5,0.0,60,6,153,1221,2790
397,11159,9.140000343,6.690000057,0.25,2.190000057,0.0,59,6,120,1255,2715
398,10118,7.730000019,3.049999952,0.800000012,3.880000114,0.0,30,18,207,1185,2684
399,16064,12.72000027,9.979999542,0.360000014,2.380000114,0.0,96,8,155,1181,3097
407,5181,3.420000076,1.0,0.910000026,1.50999999,0.01,15,15,107,1303,1776
408,12026,9.149999619,5.699999809,0.930000007,2.50999999,0.0,47,13,150,1230,2162
409,5360,3.539999962,0.540000021,1.549999952,1.460000038,0.0,8,28,148,1256,1832
413,14179,11.23999977,6.230000019,1.059999943,3.960000038,0.0,73,21,195,719,3669
415,9152,7.260000229,1.99000001,0.819999993,4.449999809,0.0,25,13,243,600,3304
416,13935,11.05000019,4.090000153,0.790000021,6.170000076,0.0,105,16,220,658,4234
417,12846,10.18999958,5.0,0.75,4.440000057,0.0,113,15,189,686,4128
419,9725,7.710000038,2.410000086,0.529999971,4.769999981,0.0,83,11,181,670,3839
420,8350,6.619999886,1.49000001,0.529999971,4.610000134,0.0,72,10,167,868,3713
423,8837,7.010000229,1.539999962,0.879999995,4.590000153,0.0,74,17,182,811,3775
424,3246,2.569999933,0.829999983,0.709999979,1.029999971,0.0,65,15,49,243,1882
429,6835,5.329999924,0.370000005,0.730000019,4.239999771,0.0,5,15,212,1208,2786
433,4592,2.940000057,0.100000001,0.140000001,2.700000048,0.0,4,8,176,748,2260
434,8452,5.409999847,0.25999999,0.389999986,4.760000229,0.0,9,24,328,1079,3004
435,7238,4.630000114,0.109999999,0.230000004,4.289999962,0.0,2,6,279,636,2667
437,2332,1.49000001,0.01,0.180000007,1.299999952,0.0,1,10,111,904,2100
440,1467,0.939999998,0.100000001,0.209999993,0.629999995,0.0,2,8,71,912,1953
445,18700,15.81999969,8.699999809,0.159999996,6.909999847,0.0,67,3,247,1123,3527
446,27572,23.38999939,14.72000027,1.210000038,7.340000153,0.01,116,24,260,1040,4220
447,15260,8.18999958,1.799999952,0.75,5.570000172,0.0,106,17,259,1058,3864
448,20779,18.40999985,11.72999954,0.649999976,6.0,0.0,78,16,208,1138,3662
449,10695,8.119999886,0.769999981,0.180000007,7.090000153,0.01,10,3,246,1181,2834
450,24136,20.90999985,12.22000027,0.540000021,8.079999924,0.0,87,16,318,1019,4039
451,10910,8.420000076,2.960000038,0.389999986,5.03000021,0.0,32,11,212,1185,2947
452,23014,20.38999939,11.10000038,0.629999995,8.619999886,0.0,70,29,359,982,4196
454,28497,27.53000069,21.92000008,1.120000005,4.460000038,0.0,128,46,211,1055,4526
455,10622,8.06000042,1.470000029,0.150000006,6.369999886,0.01,18,7,225,1190,2820
457,13162,8.5,1.879999995,0.550000012,6.059999943,0.0,25,13,328,728,1985
458,10735,6.96999979,1.570000052,0.689999998,4.710000038,0.0,21,19,217,776,1797
459,10460,6.739999771,2.440000057,0.400000006,3.910000086,0.0,30,11,181,1218,1776
460,9762,6.28000021,2.140000105,1.25999999,2.829999924,0.0,29,34,209,726,1745
461,12669,8.159999847,2.710000038,0.409999996,5.039999962,0.0,36,10,221,773,1863
462,9705,6.480000019,3.190000057,0.779999971,2.50999999,0.0,38,20,164,539,1728
463,13019,8.590000153,3.25,0.639999986,4.710000038,0.0,42,16,233,1149,1921
464,15506,9.880000114,3.529999971,1.320000052,5.03000021,0.0,50,31,264,775,2035
465,10544,6.679999828,1.960000038,0.479999989,4.239999771,0.0,28,12,205,818,1786
466,9819,6.340000153,1.340000033,0.349999994,4.650000095,0.0,19,8,211,838,1775
467,12764,8.130000114,4.760000229,1.120000005,2.24000001,0.0,66,27,130,1217,1827
468,14371,9.039999962,2.809999943,0.870000005,5.360000134,0.0,41,21,262,732,1949
469,10039,6.409999847,2.920000076,0.209999993,3.279999971,0.0,39,5,238,709,1788
470,15355,9.800000191,5.289999962,0.569999993,3.940000057,0.0,73,14,216,814,2013
471,13755,8.789999962,2.329999924,0.920000017,5.539999962,0.0,31,23,279,833,1970
472,18134,12.21000004,6.400000095,0.409999996,5.409999847,0.0,78,11,243,1108,2159
473,13154,8.529999733,3.539999962,1.159999967,3.789999962,0.0,48,28,189,782,1898
474,11181,7.150000095,1.059999943,0.5,5.579999924,0.0,16,12,243,815,1837
475,14673,9.25,3.559999943,1.419999957,4.269999981,0.0,52,34,217,712,1947
476,10602,6.809999943,2.289999962,1.600000024,2.920000076,0.0,33,35,246,730,1820
477,14727,9.710000038,3.210000038,0.569999993,5.920000076,0.0,41,15,277,798,2004
478,15103,9.659999847,3.730000019,1.049999952,4.880000114,0.0,50,24,254,816,1990
479,11100,7.150000095,2.460000038,0.870000005,3.819999933,0.0,36,22,203,1179,1819
480,14070,8.899999619,2.920000076,1.080000043,4.880000114,0.0,45,24,250,857,1959
481,12159,8.029999733,1.970000029,0.25,5.809999943,0.0,24,6,289,754,1896
482,11992,7.710000038,2.460000038,2.119999886,3.130000114,0.0,37,46,175,833,1821
483,10060,6.579999924,3.529999971,0.319999993,2.730000019,0.0,44,8,203,574,1740
484,12022,7.71999979,3.450000048,0.529999971,3.74000001,0.0,46,11,206,835,1819
485,12207,7.769999981,3.349999905,1.159999967,3.25999999,0.0,46,31,214,746,1859
486,12770,8.130000114,2.559999943,1.00999999,4.550000191,0.0,36,23,251,669,1783
493,6175,4.059999943,1.029999971,1.519999981,1.49000001,0.01,15,22,127,1276,1554
494,10536,7.409999847,2.150000095,0.620000005,4.619999886,0.01,17,7,202,1214,1604
500,6076,3.950000048,1.149999976,0.910000026,1.889999986,0.0,16,18,185,1221,1617
503,8367,5.440000057,1.110000014,1.870000005,2.460000038,0.0,17,36,154,1233,1670
506,6474,4.300000191,0.899999976,1.279999971,2.119999886,0.01,11,23,224,1182,1655
507,36019,28.03000069,21.92000008,4.190000057,1.909999967,0.02,186,63,171,1020,2690
508,7155,4.929999828,0.860000014,0.589999974,3.470000029,0.0,7,6,166,1261,1497
519,10694,7.769999981,0.140000001,2.299999952,5.329999924,0.0,2,51,256,1131,3199
520,8001,5.820000172,2.279999971,0.899999976,2.640000105,0.0,30,16,135,1259,2902
521,11037,8.020000458,0.360000014,2.559999943,5.099999905,0.0,5,58,252,1125,3226
522,5263,3.829999924,0.219999999,0.150000006,3.450000048,0.0,3,4,170,1263,2750
523,15300,11.11999989,4.099999905,1.879999995,5.090000153,0.0,51,42,212,1135,3493
524,8757,6.369999886,2.25,0.569999993,3.549999952,0.0,29,13,186,1212,3011
525,7132,5.190000057,1.070000052,1.669999957,2.450000048,0.0,15,33,121,1271,2806
526,11256,8.180000305,0.360000014,2.529999971,5.300000191,0.0,5,58,278,1099,3300
532,3580,2.599999905,0.589999974,0.059999999,1.950000048,0.0,8,1,94,1337,2497
533,9919,7.210000038,0.800000012,1.720000029,4.690000057,0.0,11,41,223,1165,3123
535,9405,6.840000153,0.200000003,2.319999933,4.309999943,0.0,3,53,227,1157,3108
537,18213,13.23999977,0.629999995,3.140000105,9.460000038,0.0,9,71,402,816,3846
538,6132,4.460000038,0.239999995,0.99000001,3.230000019,0.0,3,24,146,908,2696
539,3758,2.730000019,0.07,0.310000002,2.349999905,0.0,1,7,148,682,2580
540,12850,9.340000153,0.720000029,4.090000153,4.539999962,0.0,10,94,221,1115,3324
542,4363,3.190000057,0.519999981,0.540000021,2.130000114,0.01,6,12,81,1341,2463
543,9787,7.119999886,0.819999993,0.270000011,6.010000229,0.02,11,6,369,1054,3328
544,13372,9.720000267,3.25999999,0.790000021,5.670000076,0.01,41,17,243,1139,3404
546,6643,4.829999924,2.390000105,0.349999994,2.089999914,0.01,32,6,303,1099,3008
547,9167,6.659999847,0.879999995,0.810000002,4.96999979,0.01,12,19,155,1254,2799
554,4525,2.99000001,0.140000001,0.25999999,2.589999914,0.0,2,8,199,1231,1793
558,8054,5.320000172,0.119999997,0.519999981,4.679999828,0.0,2,13,308,1117,2062
592,2090,1.450000048,0.07,0.239999995,1.139999986,0.0,1,6,75,1358,2324
599,2704,1.870000005,1.00999999,0.029999999,0.829999983,0.0,14,1,70,1355,2411
600,3790,2.619999886,1.159999967,0.300000012,1.159999967,0.0,16,8,94,1322,2505
611,11875,8.340000153,3.309999943,0.769999981,4.260000229,0.0,42,14,227,1157,2390
612,12024,8.5,2.99000001,0.100000001,5.409999847,0.0,43,5,292,1100,2601
613,10690,7.5,2.480000019,0.209999993,4.820000172,0.0,32,3,257,1148,2312
614,11034,8.029999733,1.940000057,0.310000002,5.78000021,0.0,27,9,282,1122,2525
615,10100,7.090000153,3.150000095,0.550000012,3.390000105,0.0,41,11,151,1237,2177
616,15112,11.39999962,3.869999886,0.660000026,6.880000114,0.0,28,29,331,1052,2782
617,14131,10.06999969,3.640000105,0.119999997,6.300000191,0.0,48,3,311,1078,2770
618,11548,8.529999733,3.289999962,0.239999995,5.0,0.0,31,7,250,1152,2489
619,15112,10.67000008,3.339999914,1.929999948,5.400000095,0.0,48,63,276,1053,2897
620,12453,8.739999771,3.329999924,1.110000014,4.309999943,0.0,104,53,255,1028,3158
621,12954,9.329999924,4.429999828,0.419999987,4.46999979,0.0,52,10,273,1105,2638
623,13481,10.27999973,4.550000191,1.149999976,4.579999924,0.0,37,26,216,1161,2529
624,11369,8.010000229,3.329999924,0.219999999,4.460000038,0.0,44,8,217,1171,2470
625,10119,7.190000057,1.429999948,0.660000026,5.110000134,0.0,55,24,275,1086,2793
626,10159,7.130000114,1.039999962,0.970000029,5.119999886,0.0,19,20,282,1119,2463
627,10140,7.119999886,0.409999996,1.330000043,5.389999866,0.0,6,20,291,1123,2296
628,10245,7.190000057,0.479999989,1.210000038,5.5,0.0,21,40,281,1098,2611
629,18387,12.90999985,0.939999998,1.399999976,10.56999969,0.0,13,23,361,1043,2732
630,10538,7.400000095,1.940000057,0.959999979,4.5,0.0,25,28,245,1142,2380
631,10379,7.289999962,2.609999895,0.340000004,4.329999924,0.0,36,8,277,1119,2473
632,12183,8.739999771,3.99000001,0.460000008,4.28000021,0.0,72,14,250,1104,2752
633,11768,8.289999962,2.50999999,0.930000007,4.849999905,0.0,36,27,272,1105,2649
634,11895,8.350000381,2.789999962,0.860000014,4.699999809,0.0,55,20,253,1112,2609
635,10227,7.179999828,1.870000005,0.670000017,4.639999866,0.0,24,17,295,1104,2498
636,6708,4.710000038,1.610000014,0.079999998,3.019999981,0.0,20,2,149,1269,1995
638,13379,9.390000343,2.119999886,1.629999995,5.639999866,0.0,35,47,297,1061,2709
639,12798,8.979999542,2.220000029,1.210000038,5.559999943,0.0,57,28,271,1084,2797
640,13272,9.319999695,4.179999828,1.149999976,3.99000001,0.0,58,25,224,1133,2544
641,9117,6.409999847,1.279999971,0.670000017,4.440000057,0.0,16,16,236,728,1853
642,4414,2.74000001,0.189999998,0.349999994,2.200000048,0.0,3,8,181,706,1459
673,10725,7.489999771,1.169999957,0.310000002,6.010000229,0.0,13,9,306,1112,2124
682,3404,2.289999962,0.059999999,0.419999987,1.809999943,0.0,1,10,127,1302,1610
686,3588,2.420000076,0.230000004,0.200000003,1.99000001,0.0,3,5,152,1280,1654
693,3634,2.450000048,0.360000014,0.209999993,1.879999995,0.0,5,6,123,1306,1613
694,7443,5.019999981,1.49000001,0.370000005,3.160000086,0.0,20,10,206,1204,1878
704,10113,6.829999924,2.0,0.620000005,4.199999809,0.0,28,13,320,964,2344
705,10352,7.010000229,1.659999967,1.940000057,3.410000086,0.0,19,32,195,676,2038
706,10129,6.699999809,0.02,2.74000001,3.940000057,0.0,1,48,206,705,2010
707,10465,6.920000076,0.07,1.419999957,5.429999828,0.0,1,24,284,720,2133
708,22244,15.07999992,5.449999809,4.099999905,5.53000021,0.0,66,72,268,968,2670
709,5472,3.619999886,0.079999998,0.280000001,3.25999999,0.0,1,7,249,508,1882
710,8247,5.449999809,0.790000021,0.860000014,3.789999962,0.0,11,16,206,678,1944
712,10999,7.269999981,0.680000007,1.809999943,4.78000021,0.0,11,43,269,1011,2198
713,10080,6.75,1.850000024,1.529999971,3.380000114,0.0,23,26,208,761,2048
714,7804,5.159999847,0.560000002,1.679999948,2.920000076,0.0,9,27,206,781,1946
715,16901,11.36999989,2.779999971,1.450000048,7.150000095,0.0,32,35,360,591,2629
717,9482,6.380000114,1.269999981,0.519999981,4.599999905,0.0,15,11,277,653,2095
719,11423,7.579999924,1.860000014,0.400000006,5.320000172,0.0,26,9,295,623,2194
722,8796,5.909999847,0.109999999,0.930000007,4.880000114,0.0,2,21,356,1061,1982
726,9685,6.650000095,3.109999895,0.02,3.50999999,0.01,47,1,305,1087,2148
728,7762,5.239999771,0.07,0.280000001,4.889999866,0.0,1,6,311,1122,1890
730,9202,6.300000191,1.50999999,0.119999997,4.659999847,0.01,22,5,378,1035,2094
731,8859,5.980000019,0.129999995,0.370000005,5.46999979,0.01,2,10,371,1057,1970
733,9317,6.349999905,2.089999914,0.230000004,4.019999981,0.01,28,5,330,1077,2021
734,6873,4.679999828,3.0,0.059999999,1.620000005,0.0,46,1,190,1203,1898
736,8242,5.539999962,0.119999997,0.180000007,5.239999771,0.0,2,5,309,1124,1882
738,7913,5.409999847,2.160000086,0.340000004,2.910000086,0.0,28,7,213,1192,1835
739,7365,4.949999809,1.360000014,1.409999967,2.180000067,0.0,20,23,206,1191,1780
740,8452,5.679999828,0.330000013,1.080000043,4.260000229,0.01,5,20,248,1167,1830
741,7399,4.96999979,0.49000001,1.039999962,3.440000057,0.0,7,18,196,1219,1739
743,7412,4.980000019,0.059999999,0.25,4.659999847,0.01,1,6,363,1070,1906
745,8314,5.610000134,0.779999971,0.800000012,4.03000021,0.0,13,23,311,1093,1971
747,4940,3.380000114,2.279999971,0.550000012,0.550000012,0.0,75,11,52,1302,1897
754,9715,6.630000114,0.99000001,0.340000004,5.269999981,0.02,16,8,371,1045,2093
755,8844,6.03000021,0.340000004,1.029999971,4.650000095,0.01,6,25,370,1039,2065
758,8199,5.880000114,1.409999967,0.100000001,4.360000134,0.01,11,2,322,1105,1964
759,6798,4.639999866,1.080000043,0.200000003,3.349999905,0.0,20,7,343,1070,2014
761,4880,3.329999924,0.839999974,0.090000004,2.380000114,0.02,15,3,274,1148,1867
762,8857,6.070000172,1.149999976,0.25999999,4.639999866,0.01,18,9,376,1037,2124
764,7396,5.070000172,1.399999976,0.079999998,3.579999924,0.0,20,2,303,1115,1995
765,6731,4.590000153,0.889999986,0.189999998,3.49000001,0.02,14,7,292,1127,1921
767,8283,5.789999962,1.850000024,0.050000001,3.869999886,0.01,22,2,333,1083,2057
768,7904,5.420000076,1.580000043,0.629999995,3.190000057,0.01,24,13,346,1057,2095
771,5250,3.579999924,1.059999943,0.090000004,2.420000076,0.01,17,4,300,1119,1946
773,8856,5.980000019,3.059999943,0.910000026,2.00999999,0.0,44,19,131,777,1450
774,10035,6.710000038,2.029999971,2.130000114,2.549999952,0.0,31,46,153,754,1495
775,7641,5.110000134,0.319999993,0.970000029,3.819999933,0.0,5,23,214,801,1433
776,9010,6.059999943,1.049999952,1.75,3.25999999,0.0,15,42,183,644,1468
777,13459,9.0,2.029999971,4.0,2.970000029,0.0,31,83,153,663,1625
778,10415,6.96999979,0.699999988,2.349999905,3.920000076,0.0,11,58,205,600,1529
779,11663,7.800000191,0.25,3.730000019,3.819999933,0.0,4,95,214,605,1584
780,12414,8.779999733,2.24000001,2.450000048,3.960000038,0.0,19,67,221,738,1638
781,11658,7.829999924,0.200000003,4.349999905,3.279999971,0.0,2,98,164,845,1554
783,8911,5.960000038,2.329999924,0.579999983,3.059999943,0.0,33,12,188,731,1481
785,14112,10.0,3.269999981,4.559999943,2.170000076,0.0,30,95,129,660,1655
786,11177,8.479999542,5.619999886,0.430000007,2.410000086,0.0,50,9,133,781,1570
787,11388,7.619999886,0.449999988,4.21999979,2.950000048,0.0,7,95,170,797,1551
789,7114,4.880000114,1.370000005,0.289999992,3.220000029,0.0,15,8,190,804,1407
790,10645,7.75,3.74000001,1.299999952,2.710000038,0.0,36,32,150,744,1545
791,13238,9.199999809,3.690000057,2.099999905,3.410000086,0.0,43,52,194,687,1650
792,10414,7.070000172,2.670000076,1.980000019,2.410000086,0.0,41,40,124,691,1501
793,16520,11.05000019,1.539999962,6.480000019,3.019999981,0.0,24,143,176,713,1760
794,14335,9.590000153,3.319999933,1.74000001,4.53000021,0.0,47,41,258,594,1710
795,13559,9.43999958,1.809999943,4.579999924,2.890000105,0.0,14,96,142,852,1628
796,12312,8.579999924,1.75999999,4.110000134,2.710000038,0.0,14,88,178,680,1618
797,11677,8.279999733,3.109999895,2.50999999,2.670000076,0.0,29,55,168,676,1590
799,13585,9.090000153,0.680000007,5.239999771,3.170000076,0.0,9,116,171,688,1633
800,14687,10.07999992,0.769999981,5.599999905,3.549999952,0.0,8,122,151,1159,1667
801,13072,8.779999733,0.07,5.400000095,3.309999943,0.0,1,115,196,676,1630
803,8539,6.119999886,0.150000006,0.239999995,5.679999828,0.0,4,15,331,712,3654
806,1882,1.350000024,0.209999993,0.360000014,0.769999981,0.0,36,18,87,1299,2951
807,1982,1.419999957,0.449999988,0.370000005,0.589999974,0.0,65,21,55,1222,3051
825,10252,7.349999905,0.670000017,1.039999962,5.579999924,0.0,13,46,346,531,3879
826,11728,8.430000305,2.619999886,1.679999948,4.039999962,0.07,38,42,196,916,3429
830,4556,3.269999981,0.200000003,0.119999997,2.940000057,0.0,3,5,173,1225,2785
832,3689,2.650000095,0.109999999,0.170000002,2.329999924,0.0,2,8,134,1296,2645
837,3984,2.950000048,0.209999993,0.25999999,2.440000057,0.0,3,6,88,873,1527
839,8204,5.5,0.529999971,0.589999974,1.309999943,0.0,8,15,96,1234,2135
840,10210,6.880000114,0.109999999,0.330000013,6.440000057,0.0,1,9,339,589,2302
844,2276,1.549999952,0.07,0.330000013,1.120000005,0.0,1,9,58,824,1632
848,4500,3.019999981,0.059999999,0.810000002,2.150000095,0.0,1,19,176,709,1886
850,4081,2.74000001,0.059999999,0.200000003,2.470000029,0.0,1,5,191,692,1880
852,9899,6.639999866,0.569999993,0.920000017,5.150000095,0.0,8,21,288,649,2236
853,10780,7.230000019,0.409999996,1.919999957,4.909999847,0.0,6,47,300,680,2324
854,10817,7.28000021,1.00999999,0.330000013,5.940000057,0.0,13,8,359,552,2367
855,7990,5.360000134,0.449999988,0.790000021,4.119999886,0.0,6,18,289,624,2175
856,8221,5.519999981,0.400000006,1.610000014,3.50999999,0.0,6,38,196,695,2092
859,9648,6.46999979,0.579999983,1.070000052,4.829999924,0.0,8,26,287,669,2235
860,10429,7.019999981,0.589999974,0.579999983,5.849999905,0.0,8,13,313,1106,2282
861,13658,9.489999771,2.630000114,1.409999967,5.449999809,0.0,27,34,328,957,2530
862,9524,6.420000076,0.409999996,0.469999999,5.460000038,0.0,6,11,314,692,2266
863,7937,5.329999924,0.189999998,1.049999952,4.079999924,0.0,3,28,279,586,2158
865,10378,6.960000038,0.140000001,0.560000002,6.25,0.0,2,14,374,490,2345
866,9487,6.369999886,0.209999993,0.460000008,5.699999809,0.0,3,12,329,555,2260
867,9129,6.130000114,0.200000003,0.74000001,5.179999828,0.0,3,18,311,574,2232
870,10993,8.449999809,0.059999999,0.629999995,3.880000114,0.0,1,14,150,1275,3092
871,8863,6.820000172,0.129999995,1.070000052,5.619999886,0.0,10,35,219,945,2998
873,6580,5.059999943,0.209999993,0.400000006,4.449999809,0.0,6,9,253,609,3073
875,11009,9.100000381,3.559999943,0.400000006,5.139999866,0.0,27,8,239,1017,3274
876,10181,7.829999924,1.370000005,0.689999998,5.769999981,0.0,20,16,249,704,3015
877,10553,8.119999886,1.100000024,1.720000029,5.289999962,0.0,19,42,228,696,3083
878,10055,7.730000019,0.370000005,0.389999986,6.980000019,0.0,7,12,272,853,3069
879,12139,9.340000153,3.299999952,1.110000014,4.920000076,0.0,77,25,220,945,3544
880,13236,10.18000031,4.5,0.319999993,5.349999905,0.0,58,5,215,749,3306
881,10243,7.880000114,1.080000043,0.50999999,6.300000191,0.0,14,8,239,584,2885
882,12961,9.970000267,0.730000019,1.399999976,7.840000153,0.0,11,31,301,1054,3288
883,9461,7.28000021,0.939999998,1.059999943,5.269999981,0.0,14,23,224,673,2929
884,11193,8.609999657,0.699999988,2.50999999,5.389999866,0.0,11,48,241,684,3074
885,10074,7.75,1.289999962,0.430000007,6.03000021,0.0,19,9,234,878,2969
886,9232,7.099999905,0.800000012,0.889999986,5.420000076,0.0,13,16,236,1175,2979
887,12533,9.640000343,0.699999988,2.0,6.940000057,0.0,14,43,300,537,3283
888,10255,7.889999866,1.00999999,0.680000007,6.199999809,0.0,12,15,241,579,2926
889,10096,8.399999619,3.769999981,0.079999998,4.550000191,0.0,33,4,204,935,3147
890,12727,9.789999962,1.129999995,0.779999971,7.880000114,0.0,18,18,306,984,3290
891,12375,9.520000458,2.789999962,0.930000007,5.800000191,0.0,35,21,251,632,3162
892,9603,7.380000114,0.629999995,1.669999957,5.090000153,0.0,12,39,199,896,2899
893,13175,10.13000011,2.109999895,2.089999914,5.929999828,0.0,33,45,262,1100,3425
894,22770,17.54000092,9.449999809,2.769999981,5.329999924,0.0,120,56,260,508,4022
895,17298,14.38000011,9.890000343,1.25999999,3.230000019,0.0,107,38,178,576,3934
896,10218,7.860000134,0.340000004,0.730000019,6.789999962,0.0,6,19,258,1020,3013
897,10299,7.920000076,0.810000002,0.649999976,6.460000038,0.0,13,14,267,648,3061
898,10201,7.840000153,0.529999971,0.790000021,6.53000021,0.0,8,18,256,858,2954
906,6155,4.239999771,2.0,0.289999992,1.950000048,0.0,25,6,162,1247,2248
914,6326,4.409999847,2.410000086,0.039999999,1.960000038,0.0,29,1,180,839,2291
915,7243,5.03000021,2.619999886,0.029999999,2.380000114,0.0,32,1,194,839,2361
920,6910,4.75,2.210000038,0.189999998,2.349999905,0.0,27,4,200,667,2336
921,7502,5.179999828,2.480000019,0.109999999,2.579999924,0.0,30,2,233,725,2421
923,3800,2.549999952,0.119999997,0.239999995,2.180000067,0.0,2,6,185,734,2120
925,5183,3.589999914,2.130000114,0.189999998,1.25,0.0,26,4,108,866,2123
929,9105,6.110000134,2.25,1.0,2.859999895,0.0,34,22,232,622,2499
932,4978,3.289999962,1.24000001,0.439999998,1.610000014,0.0,19,7,127,1287,1722
934,7795,5.150000095,0.589999974,0.839999974,3.730000019,0.0,17,30,262,1131,2121
935,7289,4.820000172,0.550000012,0.75,3.5,0.0,8,12,308,1112,1997
936,9634,6.400000095,0.550000012,1.139999986,4.710000038,0.0,7,19,304,1110,2117
937,8940,5.909999847,0.980000019,0.930000007,4.0,0.0,14,15,331,1080,2116
938,5401,3.569999933,0.050000001,0.360000014,3.160000086,0.0,1,9,248,1182,1876
940,13743,9.079999924,0.419999987,0.970000029,7.699999809,0.0,6,21,432,844,2486
941,9601,6.349999905,1.370000005,1.5,3.470000029,0.0,20,25,273,1122,2094
942,6890,4.550000191,0.340000004,0.200000003,4.010000229,0.0,5,5,308,1122,2085
944,8095,5.349999905,0.589999974,0.25,4.510000229,0.0,18,10,340,993,2225
945,9148,6.050000191,0.430000007,2.029999971,3.589999914,0.0,12,41,283,1062,2223
946,9557,6.320000172,1.960000038,0.889999986,3.460000038,0.0,27,14,312,1087,2098
947,9451,6.25,0.02,0.270000011,5.949999809,0.0,1,11,367,985,2185
948,7833,5.179999828,1.019999981,1.850000024,2.309999943,0.0,15,29,197,1096,1918
949,10319,6.820000172,0.469999999,1.889999986,4.460000038,0.0,7,29,293,1111,2105
952,5267,3.480000019,0.600000024,0.280000001,2.599999905,0.0,21,10,237,1172,1953
954,10611,7.010000229,1.00999999,0.5,5.510000229,0.0,14,8,370,1048,2262
956,8237,5.440000057,1.610000014,1.0,2.829999924,0.0,23,16,233,1116,1973
957,6543,4.329999924,1.799999952,0.5,2.019999981,0.0,66,35,238,1019,2666
958,11451,7.570000172,0.430000007,1.620000005,5.519999981,0.0,6,30,339,1065,2223
959,6435,4.25,0.74000001,1.120000005,2.390000105,0.0,11,18,220,1191,1889
960,9108,6.019999981,0.25999999,1.820000052,3.940000057,0.0,4,31,324,1081,2131
965,6506,5.28000021,0.07,0.419999987,4.789999962,0.0,1,8,256,944,2896
966,11140,9.029999733,0.239999995,1.25,7.539999962,0.0,3,24,335,556,3328
967,12692,10.28999996,0.959999979,3.460000038,5.880000114,0.0,12,66,302,437,3394
968,9105,7.380000114,1.820000052,1.49000001,4.070000172,0.0,22,30,191,890,3013
969,6708,5.440000057,0.879999995,0.370000005,4.190000057,0.0,10,8,179,757,2812
970,8793,7.130000114,0.159999996,1.230000019,5.730000019,0.0,2,29,260,717,3061
971,6530,5.300000191,0.310000002,2.049999952,2.940000057,0.0,4,41,144,901,2729
973,15126,12.27000046,0.75999999,3.24000001,8.270000458,0.0,9,66,408,469,3691
974,15050,12.22000027,1.200000048,5.119999886,5.880000114,0.0,15,95,281,542,3538
975,9167,7.429999828,0.49000001,0.819999993,6.110000134,0.0,6,15,270,730,3064
976,6108,4.949999809,0.07,0.349999994,4.539999962,0.0,1,8,216,765,2784
977,7047,5.71999979,0.090000004,0.800000012,4.78000021,0.0,1,16,238,733,2908
978,9023,7.320000172,1.129999995,0.419999987,5.769999981,0.0,14,9,232,738,3033
979,9930,8.050000191,1.059999943,0.920000017,6.070000172,0.0,12,19,267,692,3165
980,10144,8.229999542,0.319999993,2.029999971,5.880000114,0.0,4,36,263,728,3115
982,7245,5.920000076,0.379999995,1.74000001,3.75999999,0.0,5,40,195,1131,2859
984,8161,6.619999886,0.340000004,0.730000019,5.539999962,0.0,4,15,251,757,3004
985,8614,6.989999771,0.670000017,0.219999999,6.090000153,0.0,8,5,241,745,3006
986,6943,5.630000114,0.079999998,0.660000026,4.869999886,0.0,1,16,207,682,2859
987,14370,11.64999962,0.370000005,2.309999943,8.970000267,0.0,5,46,439,577,3683
988,12857,10.43000031,0.680000007,6.210000038,3.539999962,0.0,9,125,192,1019,3287
990,10613,8.609999657,0.079999998,1.879999995,6.650000095,0.0,1,37,262,701,3172
991,9810,7.960000038,0.779999971,2.160000086,4.980000019,0.0,10,41,235,784,3069
993,11596,7.570000172,1.370000005,0.790000021,5.409999847,0.0,19,13,277,767,2026
995,17022,11.11999989,4.0,2.450000048,4.670000076,0.0,61,41,256,693,2324
996,16556,10.85999966,4.159999847,1.980000019,4.710000038,0.0,58,38,239,689,2254
1000,15482,10.10999966,4.28000021,1.659999967,4.179999828,0.0,69,28,249,756,2284
1002,12346,8.06000042,2.950000048,2.160000086,2.960000038,0.0,47,42,177,801,2066
1003,11682,7.630000114,1.379999995,0.629999995,5.599999905,0.0,25,16,270,781,2105
1006,10946,7.190000057,2.930000067,0.569999993,3.690000057,0.0,51,11,201,732,2033
1007,11886,7.760000229,2.369999886,0.930000007,4.460000038,0.0,40,18,238,750,2093
1008,10538,6.880000114,1.139999986,1.0,4.739999771,0.0,16,16,206,745,1922
1009,11393,7.630000114,3.710000038,0.75,3.170000076,0.0,49,13,165,727,1999
1010,12764,8.329999924,2.789999962,0.639999986,4.909999847,0.0,46,15,270,709,2169
1013,9769,6.380000114,1.059999943,0.409999996,4.900000095,0.0,23,9,227,724,1996
1014,12848,8.390000343,1.5,1.200000048,5.679999828,0.0,26,29,247,812,2116
1016,14331,9.510000229,3.430000067,1.659999967,4.429999828,0.0,44,29,241,692,2156
1017,9632,6.289999962,1.519999981,0.540000021,4.230000019,0.0,21,9,229,761,1916
1019,6083,4.0,0.219999999,0.469999999,3.299999952,0.0,3,8,210,505,1762
1020,11611,7.579999924,2.130000114,0.889999986,4.559999943,0.0,59,22,251,667,2272
1021,16358,10.71000004,3.869999886,1.610000014,5.199999809,0.0,61,40,265,707,2335
1023,3121,2.039999962,0.579999983,0.400000006,1.059999943,0.0,8,6,48,222,741
1024,8135,6.079999924,3.599999905,0.379999995,2.099999905,0.0,86,16,140,728,3405
1025,5077,3.789999962,0.319999993,0.219999999,3.25,0.0,15,11,144,776,2551
1026,8596,6.420000076,3.329999924,0.310000002,2.779999971,0.0,118,30,176,662,4022
1027,12087,9.079999924,3.920000076,1.600000024,3.559999943,0.0,115,54,199,695,4005
1028,14269,10.65999985,6.639999866,1.279999971,2.730000019,0.0,184,56,158,472,4274
1029,12231,9.140000343,5.980000019,0.829999983,2.319999933,0.0,200,37,159,525,4552
1030,9893,7.389999866,4.860000134,0.720000029,1.820000052,0.0,114,32,130,623,3625
1031,12574,9.420000076,7.019999981,0.639999986,1.75999999,0.0,108,23,111,733,3501
1032,8330,6.21999979,4.119999886,0.340000004,1.75999999,0.0,87,16,113,773,3192
1033,10830,8.090000153,3.650000095,1.659999967,2.779999971,0.0,110,74,175,670,4018
1034,9172,6.849999905,2.420000076,0.790000021,3.299999952,0.0,62,30,200,823,3329
1035,7638,5.710000038,1.210000038,0.360000014,4.139999866,0.0,24,24,223,627,3152
1036,15764,11.77999973,7.650000095,2.150000095,1.980000019,0.0,210,65,141,425,4392
1037,6393,4.78000021,1.350000024,0.670000017,2.75999999,0.0,61,38,214,743,3374
1038,5325,3.980000019,0.850000024,0.649999976,2.470000029,0.0,38,32,181,759,3088
1039,6805,5.139999866,1.809999943,0.400000006,2.930000067,0.0,63,16,190,773,3294
1040,9841,7.429999828,3.25,1.169999957,3.00999999,0.0,99,51,141,692,3580
1041,7924,5.920000076,2.839999914,0.610000014,2.470000029,0.0,97,36,165,739,3544
1042,12363,9.239999771,5.829999924,0.790000021,2.609999895,0.0,207,45,163,621,4501
1043,13368,9.989999771,5.309999943,1.440000057,3.24000001,0.0,194,72,178,499,4546
1044,7439,5.559999943,1.120000005,0.349999994,4.070000172,0.0,37,20,235,732,3014
1045,11045,8.25,4.519999981,0.150000006,3.569999933,0.0,97,8,212,580,3795
1046,5206,3.890000105,1.559999943,0.25,2.079999924,0.0,25,9,141,631,2755
1047,7550,5.639999866,2.5,0.469999999,2.670000076,0.0,45,21,143,1153,3004
1048,4950,3.700000048,1.929999948,0.319999993,1.450000048,0.0,41,16,79,1304,2643
1051,3421,2.559999943,1.429999948,0.140000001,0.99000001,0.0,34,11,70,1099,2489
1052,8869,6.650000095,2.559999943,0.75,3.349999905,0.0,104,37,194,639,3841
1053,4038,3.039999962,1.830000043,0.300000012,0.889999986,0.0,45,15,63,257,1665
1058,14450,10.90999985,0.579999983,0.850000024,9.479999542,0.0,7,15,518,502,2828
1062,10449,8.020000458,2.029999971,0.479999989,5.519999981,0.0,26,10,349,587,2536
1063,19542,15.01000023,0.980000019,0.400000006,5.619999886,0.0,11,19,294,579,4900
1087,7851,5.940000057,1.139999986,0.790000021,4.0,0.0,31,12,225,1172,3171
1095,7802,5.900000095,0.680000007,0.180000007,5.03000021,0.01,8,3,249,1180,2771
1101,9837,7.440000057,0.660000026,2.75,4.0,0.02,8,95,282,1055,3327
1112,4053,2.910000086,1.110000014,0.579999983,1.220000029,0.0,17,18,85,1053,2400
1113,5162,3.700000048,0.870000005,0.860000014,1.970000029,0.0,14,24,105,863,2507
1115,4732,3.390000105,2.519999981,0.810000002,0.059999999,0.0,36,18,9,1377,2225
1116,2497,1.789999962,0.349999994,1.129999995,0.310000002,0.0,5,24,19,1392,2067
1117,8294,5.949999809,2.0,0.769999981,3.170000076,0.0,30,31,146,1233,2798
1119,10771,7.71999979,3.769999981,1.74000001,2.220000029,0.0,70,113,178,1079,3727
1123,2153,1.539999962,0.769999981,0.620000005,0.150000006,0.0,11,18,11,1400,2053
1124,6474,4.639999866,2.269999981,0.460000008,1.899999976,0.0,33,13,92,1302,2484
1125,7091,5.269999981,3.480000019,0.870000005,0.730000019,0.0,42,30,47,1321,2584
1127,703,0.5,0.059999999,0.200000003,0.239999995,0.0,2,13,15,1410,1993
1129,2503,1.789999962,0.159999996,0.159999996,1.480000019,0.0,3,9,84,1344,2280
1130,2487,1.779999971,0.479999989,0.620000005,0.680000007,0.0,9,34,50,1347,2319
1135,4697,3.369999886,0.469999999,0.930000007,1.929999948,0.0,12,35,75,1318,2496
1136,1967,1.409999967,0.129999995,0.239999995,1.049999952,0.0,2,5,49,551,1032
1137,10199,6.739999771,3.400000095,0.829999983,2.50999999,0.0,50,14,189,796,1994
1138,5652,3.74000001,0.569999993,1.210000038,1.960000038,0.0,8,24,142,548,1718
1141,13217,8.739999771,3.660000086,0.189999998,4.880000114,0.0,50,3,280,741,2173
1142,10145,6.710000038,0.330000013,0.680000007,5.690000057,0.0,5,13,295,634,2027
1143,11404,7.539999962,0.829999983,2.390000105,4.320000172,0.0,13,42,238,689,2039
1144,10742,7.099999905,2.099999905,2.130000114,2.869999886,0.0,35,41,195,659,2046
1145,13928,9.550000191,4.28000021,0.189999998,5.090000153,0.0,48,4,297,639,2174
1146,11835,9.710000038,3.99000001,2.099999905,3.50999999,0.109999999,53,27,214,708,2179
1147,10725,7.090000153,1.769999981,1.549999952,3.769999981,0.0,30,33,240,659,2086
1148,20031,13.23999977,4.199999809,2.0,7.039999962,0.0,58,41,347,484,2571
1150,13239,9.270000458,3.019999981,1.679999948,4.460000038,0.100000001,35,31,282,637,2194
1151,10433,6.900000095,2.579999924,0.419999987,3.900000095,0.0,36,7,254,680,2012
1152,10320,6.820000172,0.550000012,2.019999981,4.25,0.0,7,38,279,697,2034
1153,12627,8.350000381,2.50999999,0.239999995,5.590000153,0.0,38,8,288,621,2182
1154,10762,7.110000134,0.819999993,0.479999989,5.809999943,0.0,12,15,369,645,2254
1155,10081,6.659999847,2.24000001,0.75999999,3.670000076,0.0,32,16,237,731,2002
1157,12912,8.539999962,1.200000048,2.0,5.340000153,0.0,18,39,313,655,2162
1158,12109,8.119999886,1.74000001,2.039999962,4.329999924,0.0,21,36,267,654,2072
1159,10147,6.710000038,0.469999999,1.679999948,4.550000191,0.0,15,36,284,683,2086
1160,10524,6.960000038,0.99000001,1.159999967,4.809999943,0.0,14,22,305,591,2066
1164,12342,8.720000267,3.900000095,1.179999948,3.650000095,0.0,43,21,231,607,2105
1165,15448,10.21000004,3.470000029,1.75,4.989999771,0.0,62,34,275,626,2361
1166,6722,4.440000057,1.49000001,0.310000002,2.650000095,0.0,24,7,199,709,1855
1168,14172,10.28999996,4.5,0.379999995,5.409999847,0.0,53,8,355,1024,2937
1169,12862,9.649999619,4.610000134,0.560000002,4.480000019,0.0,56,22,261,1101,2742
1170,11179,8.239999771,2.950000048,0.340000004,4.960000038,0.0,34,6,304,1096,2668
1174,14816,10.97999954,3.789999962,2.119999886,5.050000191,0.02,48,31,284,1077,2832
1175,14194,10.47999954,4.409999847,0.75999999,5.309999943,0.0,53,17,304,1066,2812
1176,15566,11.31000042,4.789999962,0.670000017,5.860000134,0.0,60,33,347,1000,3096
1177,13744,9.18999958,2.150000095,1.870000005,5.170000076,0.0,30,34,327,1049,2763
1178,15299,10.23999977,4.099999905,1.75999999,4.369999886,0.0,64,50,261,1065,2889
1179,8093,5.409999847,0.129999995,1.129999995,4.150000095,0.0,2,25,223,1190,2284
1181,18229,13.34000015,4.309999943,1.370000005,7.670000076,0.0,51,24,379,986,3055
1182,15090,10.10000038,0.930000007,0.939999998,8.229999542,0.0,16,22,424,978,2939
1183,13541,10.22000027,4.269999981,0.660000026,5.289999962,0.0,50,12,337,1041,2830
1184,15128,10.11999989,1.090000033,0.769999981,8.260000229,0.0,16,16,401,1007,2836
1185,20067,14.30000019,4.309999943,2.049999952,7.949999809,0.0,55,42,382,961,3180
1188,13041,9.180000305,4.639999866,0.699999988,3.829999924,0.0,64,14,250,1112,2642
1189,14510,10.86999989,4.480000019,1.019999981,5.360000134,0.0,58,31,330,1021,2976
1191,15010,11.10000038,4.329999924,1.289999962,5.480000019,0.0,53,23,317,1047,2933
1192,11459,7.670000076,3.0,0.810000002,3.859999895,0.0,44,13,247,1136,2553
1194,11317,8.409999847,5.269999981,0.150000006,2.970000029,0.0,59,6,153,745,2772
1195,5813,3.619999886,0.560000002,0.209999993,2.839999914,0.0,31,26,155,744,2516
1196,9123,6.119999886,2.029999971,0.330000013,3.660000086,0.0,35,32,189,787,2734
1197,8585,5.670000076,2.039999962,1.110000014,2.529999971,0.0,30,21,139,864,2395
1200,9827,6.710000038,3.170000076,1.220000029,2.309999943,0.0,61,51,114,1136,2743
1201,10688,7.289999962,3.529999971,1.230000019,2.50999999,0.0,67,69,124,671,2944
1202,14365,10.64000034,7.639999866,0.449999988,2.539999962,0.0,87,13,145,797,2997
1203,9469,6.179999828,1.360000014,0.300000012,4.510000229,0.0,19,6,206,758,2463
1204,9753,6.53000021,2.869999886,0.970000029,2.670000076,0.0,58,59,153,762,2846
1207,10091,6.820000172,3.75,0.699999988,2.369999886,0.0,69,39,129,706,2752
1208,10387,7.070000172,4.159999847,0.769999981,2.119999886,0.0,70,33,132,726,2781
1209,11107,8.340000153,5.630000114,0.180000007,2.529999971,0.0,55,6,145,829,2693
1210,11584,7.800000191,2.789999962,1.639999986,3.359999895,0.0,54,48,161,810,2862
1211,7881,4.949999809,0.49000001,0.449999988,4.0,0.0,24,36,182,1198,2616
1212,14560,9.409999847,3.119999886,1.039999962,5.239999771,0.0,42,17,308,584,2995
1213,12390,8.069999695,2.299999952,0.899999976,4.849999905,0.0,30,15,258,685,2730
1214,10052,6.809999943,3.480000019,0.660000026,2.660000086,0.0,66,26,139,737,2754
1215,10288,6.760000229,2.74000001,0.850000024,3.160000086,0.0,57,36,152,761,2754
1216,10988,8.31000042,5.28000021,0.119999997,2.900000095,0.0,45,12,135,843,2655
1217,8564,5.599999905,1.779999971,0.829999983,2.950000048,0.0,24,14,149,1253,2386
1218,12461,8.380000114,3.819999933,1.429999948,3.119999886,0.0,84,35,154,834,2924
1219,12827,8.479999542,1.460000038,2.329999924,4.679999828,0.0,20,42,209,621,2739
1220,10677,7.099999905,2.309999943,1.529999971,3.25,0.0,32,27,147,695,2534
1221,13566,9.109999657,4.260000229,1.710000038,3.119999886,0.0,67,50,171,743,2960
1222,14433,10.78999996,7.110000134,1.200000048,2.450000048,0.0,72,23,106,1182,2800
1223,9572,6.519999981,2.890000105,1.389999986,2.230000019,0.0,57,40,128,757,2735
1224,3789,2.559999943,0.379999995,0.270000011,1.889999986,0.0,5,4,58,343,1199
1225,18060,14.11999989,11.64000034,0.389999986,2.099999905,0.0,116,8,123,1193,3186
1226,16433,13.35000038,10.43000031,0.469999999,2.450000048,0.0,95,12,156,1177,3140
1227,20159,15.97000027,12.34000015,0.209999993,3.359999895,0.0,119,5,193,1123,3411
1228,20669,16.23999977,13.26000023,0.389999986,2.589999914,0.0,132,8,158,1142,3410
1229,14549,11.10999966,9.359999657,0.270000011,1.49000001,0.0,96,6,83,1255,2867
1230,18827,13.68999958,9.239999771,0.800000012,3.640000105,0.0,111,21,195,1113,3213
1231,17076,12.65999985,9.079999924,0.230000004,3.349999905,0.0,102,6,195,1137,3133
1232,15929,12.47999954,9.220000267,0.310000002,2.950000048,0.0,90,7,191,1152,3114
1233,15108,12.18999958,9.579999924,0.230000004,2.380000114,0.0,89,5,158,695,3043
1234,16057,12.51000023,9.670000076,0.25,2.579999924,0.0,100,6,170,1164,3103
1235,10520,8.289999962,6.260000229,0.150000006,1.879999995,0.0,60,3,117,1260,2655
1236,22359,17.19000053,12.53999996,0.629999995,4.019999981,0.0,125,14,223,741,3554
1237,22988,17.95000076,13.13000011,1.549999952,3.25999999,0.0,129,33,182,1096,3577
1238,20500,15.68999958,11.36999989,0.460000008,3.859999895,0.0,118,9,209,1104,3403
1239,12685,9.619999886,6.309999943,0.200000003,3.099999905,0.0,68,5,185,1182,2846
1240,12422,9.819999695,6.460000038,0.430000007,2.930000067,0.0,60,10,183,1187,2852
1241,15447,12.39999962,9.670000076,0.389999986,2.349999905,0.0,90,9,153,1188,3062
1242,12315,9.649999619,6.170000076,0.310000002,3.170000076,0.0,58,8,159,1215,2794
1243,7135,5.590000153,2.99000001,0.059999999,2.539999962,0.0,27,1,131,1281,2408
1246,15484,11.89999962,8.390000343,0.930000007,2.589999914,0.0,87,22,165,1166,3023
1247,14581,11.14999962,8.819999695,0.400000006,1.909999967,0.0,89,8,123,1220,2918
1248,14990,11.51000023,8.850000381,0.449999988,2.210000038,0.0,93,9,130,1208,2950
1249,13953,11.0,9.100000381,0.689999998,1.210000038,0.0,90,15,90,1245,2859
1250,19769,15.67000008,12.43999958,0.879999995,2.349999905,0.0,121,20,148,1076,3331
1251,22026,17.64999962,13.39999962,0.589999974,3.660000086,0.0,125,14,228,1073,3589
1252,12465,9.380000114,6.119999886,0.569999993,2.690000057,0.0,66,12,148,1214,2765
1253,14810,11.35999966,9.090000153,0.419999987,1.850000024,0.0,96,10,115,1219,2926
1254,12209,9.399999619,6.079999924,0.280000001,3.039999962,0.0,60,7,184,1189,2809
1255,4998,3.910000086,2.950000048,0.200000003,0.75999999,0.0,28,4,39,839,1505
1256,9033,7.159999847,5.429999828,0.140000001,1.590000033,0.0,40,2,154,1244,2044
1257,8053,6.099999905,4.170000076,0.629999995,1.309999943,0.0,35,11,96,1298,1935
1258,5234,3.460000038,1.929999948,0.99000001,0.540000021,0.0,29,16,33,1362,1705
1260,9256,6.139999866,0.430000007,3.269999981,2.450000048,0.0,6,51,115,1268,1880
1261,10204,7.909999847,5.429999828,0.150000006,2.329999924,0.0,41,5,157,1237,2112
1262,5151,3.480000019,1.039999962,0.629999995,1.799999952,0.0,16,16,130,1278,1829
1264,6466,4.269999981,0.330000013,0.819999993,3.109999895,0.01,5,18,216,1201,1931
1265,11268,8.56000042,5.880000114,0.930000007,1.75,0.0,49,20,172,1199,2218
1267,9282,6.260000229,2.089999914,1.039999962,3.130000114,0.0,30,26,191,1193,2132
1268,8905,7.130000114,5.599999905,0.189999998,1.340000033,0.0,41,4,82,1313,1976
1269,6829,4.510000229,0.360000014,2.390000105,1.769999981,0.0,7,54,118,1261,1909
1270,4562,3.039999962,1.179999948,0.49000001,1.370000005,0.0,19,14,108,1299,1813
1271,10232,8.180000305,6.239999771,0.230000004,1.700000048,0.0,45,5,104,1286,2008
1272,2718,1.799999952,0.670000017,0.779999971,0.340000004,0.0,11,16,20,1393,1580
1273,6260,4.260000229,1.289999962,0.540000021,2.400000095,0.0,16,14,136,1257,1854
1275,7626,6.050000191,0.829999983,0.709999979,4.5,0.0,65,15,156,723,3635
1276,12386,9.819999695,4.960000038,0.649999976,4.210000038,0.0,116,14,169,680,4079
1277,13318,10.56000042,5.619999886,1.029999971,3.910000086,0.0,123,21,174,699,4163
1278,14461,11.47000027,4.909999847,1.149999976,5.409999847,0.0,60,23,190,729,3666
1279,11207,8.890000343,5.369999886,1.070000052,2.440000057,0.0,64,21,142,563,3363
1281,13630,10.81000042,5.050000191,0.560000002,5.199999809,0.0,117,10,174,720,4157
1282,13070,10.35999966,5.300000191,0.879999995,4.179999828,0.0,120,19,154,737,4092
1283,9388,7.440000057,2.230000019,0.439999998,4.78000021,0.0,82,8,169,763,3787
1284,15148,12.01000023,6.900000095,0.819999993,4.289999962,0.0,137,16,145,677,4236
1285,12200,9.670000076,4.909999847,0.589999974,4.179999828,0.0,113,12,159,769,4044
1286,5709,4.53000021,1.519999981,0.519999981,2.480000019,0.0,19,10,136,740,2908
1288,12405,9.840000153,5.050000191,0.870000005,3.920000076,0.0,117,16,141,692,4005
1289,16208,12.85000038,7.510000229,0.920000017,4.420000076,0.0,90,18,161,593,3763
1290,7359,5.840000153,0.330000013,0.180000007,5.329999924,0.0,4,4,192,676,3061
1291,5417,4.300000191,0.899999976,0.49000001,2.910000086,0.0,11,10,139,711,2884
1292,6175,4.900000095,0.25,0.360000014,4.269999981,0.0,3,7,172,767,2982
1294,11419,9.06000042,6.03000021,0.560000002,2.470000029,0.0,71,10,127,669,3369
1295,6064,4.809999943,0.629999995,0.170000002,4.010000229,0.0,63,4,142,802,3491
1296,8712,6.909999847,1.340000033,1.059999943,4.5,0.0,71,20,195,822,3784
1297,7875,6.239999771,1.559999943,0.49000001,4.199999809,0.0,19,10,167,680,3110
1298,8567,6.789999962,0.889999986,0.159999996,5.739999771,0.0,66,3,214,764,3783
1299,7045,5.590000153,1.549999952,0.25,3.779999971,0.0,74,5,166,831,3644
1302,8382,6.650000095,1.269999981,0.660000026,4.71999979,0.0,71,13,171,772,3721
1303,6582,5.21999979,0.660000026,0.639999986,3.920000076,0.0,63,13,152,840,3586
1304,9143,7.25,1.389999986,0.589999974,5.269999981,0.0,72,10,184,763,3788
1305,4561,3.619999886,0.649999976,0.270000011,2.690000057,0.0,8,6,102,433,1976
1307,5571,4.349999905,0.150000006,0.970000029,3.230000019,0.0,2,23,163,1252,2654
1312,3864,3.00999999,0.310000002,1.059999943,1.350000024,0.0,4,22,105,1309,2536
1313,5697,4.440000057,0.529999971,0.479999989,3.440000057,0.0,7,10,166,1257,2668
1315,8538,6.659999847,2.630000114,1.019999981,3.00999999,0.0,35,18,158,1229,2883
1316,8687,6.78000021,0.289999992,2.410000086,4.079999924,0.0,4,54,212,1170,2944
1317,9423,7.349999905,0.529999971,2.029999971,4.75,0.0,7,44,238,1151,3012
1318,8286,6.460000038,0.150000006,2.049999952,4.269999981,0.0,2,44,206,1188,2889
1319,4503,3.50999999,1.470000029,0.239999995,1.809999943,0.0,18,6,122,1294,2547
1320,10499,8.18999958,0.07,4.21999979,3.890000105,0.0,1,91,214,1134,3093
1321,12474,9.729999542,6.599999905,0.270000011,2.869999886,0.0,77,5,129,1229,3142
1323,15168,11.82999992,3.900000095,3.0,4.920000076,0.0,46,67,258,1069,3513
1324,10085,7.869999886,0.150000006,1.279999971,6.429999828,0.0,2,28,317,1093,3164
1325,4512,3.519999981,0.779999971,0.119999997,2.039999962,0.0,10,2,117,1311,2596
1330,5843,4.559999943,0.140000001,1.190000057,3.230000019,0.0,2,22,166,1250,2683
1332,9217,7.190000057,0.219999999,3.309999943,3.660000086,0.0,3,72,182,1183,2940
1333,9877,7.699999809,5.760000229,0.170000002,1.730000019,0.0,66,4,110,1260,2947
1334,8240,6.429999828,0.689999998,2.00999999,3.720000029,0.0,9,43,162,1226,2846
1335,8701,6.789999962,0.370000005,3.24000001,3.170000076,0.0,5,71,177,1106,2804
1347,4068,2.599999905,0.050000001,0.280000001,2.269999981,0.0,1,20,195,817,2419
1348,5245,3.359999895,0.159999996,0.439999998,2.75,0.0,8,45,232,795,2748
1349,400,0.25999999,0.039999999,0.050000001,0.159999996,0.0,3,8,19,1410,1799
1354,8360,5.349999905,0.140000001,0.280000001,4.929999828,0.0,6,14,380,634,3101
1355,7174,4.590000153,0.330000013,0.360000014,3.910000086,0.0,10,20,301,749,2896
1366,23186,20.39999962,12.22000027,0.340000004,7.820000172,0.0,85,7,312,1036,3921
1367,15337,9.579999924,3.549999952,0.379999995,5.639999866,0.0,108,18,216,1098,3566
1368,21129,18.97999954,10.55000019,0.589999974,7.75,0.02,68,13,298,1061,3793
1369,13422,7.170000076,0.050000001,0.050000001,7.010000229,0.01,106,1,281,1052,3934
1370,29326,25.29000092,13.23999977,1.210000038,10.71000004,0.0,94,29,429,888,4547
1372,11423,8.670000076,2.440000057,0.270000011,5.940000057,0.0,29,5,191,1215,2761
1373,18785,17.39999962,12.14999962,0.180000007,5.03000021,0.0,82,13,214,1131,3676
1374,19948,18.11000061,11.02000046,0.689999998,6.340000153,0.0,73,19,225,1123,3679
1375,19377,17.62000084,12.28999996,0.419999987,4.889999866,0.0,82,13,226,1119,3659
1376,18258,16.30999947,10.22999954,0.029999999,5.96999979,0.050000001,61,2,236,1141,3427
1378,16674,15.73999977,11.01000023,0.01,4.690000057,0.0,64,1,227,1148,3455
1379,12986,8.739999771,2.369999886,0.07,6.269999981,0.01,113,8,218,1101,3802
1380,11101,8.430000305,1.75999999,0.129999995,6.5,0.0,22,3,258,1157,2860
1381,23629,20.64999962,13.06999969,0.439999998,7.099999905,0.0,93,8,235,1104,3808
1382,14890,11.30000019,4.929999828,0.379999995,5.96999979,0.0,58,8,231,1143,3060
1383,9733,7.389999866,1.379999995,0.170000002,5.789999962,0.0,18,5,210,1207,2698
1384,27745,26.71999931,21.65999985,0.079999998,4.929999828,0.0,124,4,223,1089,4398
1385,10930,8.319999695,3.130000114,0.569999993,4.570000172,0.0,36,12,166,1226,2786
1387,10818,8.210000038,1.389999986,0.100000001,6.670000076,0.01,19,3,229,1189,2817
1388,18193,16.29999924,10.42000008,0.310000002,5.53000021,0.0,66,8,212,1154,3477
1389,14055,10.67000008,5.460000038,0.819999993,4.369999886,0.0,67,15,188,1170,3052
1390,21727,19.34000015,12.78999996,0.289999992,6.159999847,0.0,96,17,232,1095,4015
1391,12332,8.130000114,0.079999998,0.959999979,6.989999771,0.0,105,28,271,1036,4142
1392,10686,8.109999657,1.080000043,0.200000003,6.800000191,0.0,17,4,245,1174,2847
1393,20226,18.25,11.10000038,0.800000012,6.239999771,0.050000001,73,19,217,1131,3710
1394,10733,8.149999619,1.350000024,0.460000008,6.28000021,0.0,18,11,224,1187,2832
1395,21420,19.55999947,13.22000027,0.409999996,5.889999866,0.0,88,12,213,1127,3832
1396,8064,6.119999886,1.820000052,0.039999999,4.25,0.0,23,1,137,770,1849
